file_path,replicate,sample_name,data_type,reference_name,coverage_average,coverage_deletion_coverage_propagation_cutoff,coverage_deletion_coverage_seed_cutoff,coverage_group,coverage_nbinom_mean_parameter,coverage_nbinom_prob_parameter,coverage_nbinom_relative_variance,coverage_nbinom_size_parameter,coverage_nbinom_variance,coverage_relative_variance,coverage_variance,junction_only,length,num_bases_mapped_to_reference,num_features,num_genes,num_reads_mapped_to_reference,num_repeats,experiment_type,experiment_name
/fast-storage/marco/2026_tricomm_manuscript/2026_tricomm_sequencing/out/PN23_rep1/M1_PL_clone1/data/summary.json,PN23_rep1,M1_PL_clone1,data,MG557852,1839.64,1570.0,0.0,1,1849.407,0.260370599558664,3.84067940733336,651.0439,7102.97938067817,5.569057,10245.06,False,33858,62070356.0,76,51,413889.0,0,PN23,TriComm KAN+PN23 2xMIC
/fast-storage/marco/2026_tricomm_manuscript/2026_tricomm_sequencing/out/PN23_rep1/M1_PL_clone1/data/summary.json,PN23_rep1,M1_PL_clone1,data,NZ_CP009273,354.9485,239.0,0.0,0,356.662,0.352287348462767,2.83859186077382,193.9865,1012.41785024731,3.678768,1305.773,False,4631469,1642998603.4659,9057,4518,10955788.0000016,2,PN23,TriComm KAN+PN23 2xMIC
/fast-storage/marco/2026_tricomm_manuscript/2026_tricomm_sequencing/out/PN23_rep1/M1_PL_clone1/data/summary.json,PN23_rep1,M1_PL_clone1,data,pS2313M_msfGFP,25887.75,21828.0,0.0,2,0.0,0.0,0.0,0.0,0.0,70.72265,1830850.0,False,3861,57503077.5,10,1,383610.5,0,PN23,TriComm KAN+PN23 2xMIC
/fast-storage/marco/2026_tricomm_manuscript/2026_tricomm_sequencing/out/PN23_rep1/M1_PL_clone1/data/summary.json,PN23_rep1,M1_PL_clone1,data,pS2313RS_mScarle,0.0,-1.0,0.0,3,0.0,0.0,0.0,0.0,0.0,0.0,0.0,False,3846,35543277.5,4,1,237173.5,0,PN23,TriComm KAN+PN23 2xMIC
/fast-storage/marco/2026_tricomm_manuscript/2026_tricomm_sequencing/out/PN23_rep1/M1_PL_clone1_p/data/summary.json,PN23_rep1,M1_PL_clone1_p,data,MG557852,1839.64,1570.0,0.0,1,1849.407,0.260370599558664,3.84067940733336,651.0439,7102.97938067817,5.569057,10245.06,False,33858,62069906.0,76,51,413886.0,0,PN23,TriComm KAN+PN23 2xMIC
/fast-storage/marco/2026_tricomm_manuscript/2026_tricomm_sequencing/out/PN23_rep1/M1_PL_clone1_p/data/summary.json,PN23_rep1,M1_PL_clone1_p,data,NZ_CP009273,354.9566,239.0,0.0,0,356.6629,0.352291595349889,2.83855764145273,193.9906,1012.40820021769,3.685418,1308.164,False,4631469,1642988053.4659,9057,4518,10955714.0000016,2,PN23,TriComm KAN+PN23 2xMIC
/fast-storage/marco/2026_tricomm_manuscript/2026_tricomm_sequencing/out/PN23_rep1/M1_PL_clone1_p/data/summary.json,PN23_rep1,M1_PL_clone1_p,data,pS2313M_msfGFP,25888.85,21827.0,0.0,2,0.0,0.0,0.0,0.0,0.0,70.80853,1833151.0,False,3861,57143097.5,10,1,381075.0,0,PN23,TriComm KAN+PN23 2xMIC
/fast-storage/marco/2026_tricomm_manuscript/2026_tricomm_sequencing/out/PN23_rep1/M1_PL_clone1_p/data/summary.json,PN23_rep1,M1_PL_clone1_p,data,pS2313RS_mScarle,0.0,-1.0,0.0,3,0.0,0.0,0.0,0.0,0.0,0.0,0.0,False,3846,35183724.5,4,1,234641.0,0,PN23,TriComm KAN+PN23 2xMIC
/fast-storage/marco/2026_tricomm_manuscript/2026_tricomm_sequencing/out/PN23_rep1/M6_PM_clone1/data/summary.json,PN23_rep1,M6_PM_clone1,data,MG557852,802.9669,657.0,0.0,1,898.2541,0.155776618526025,6.41944862754184,165.7464,5766.29604942883,43.6832,35076.16,False,33858,27287958.0,76,51,181959.0,0,PN23,TriComm PN23 1xMIC
/fast-storage/marco/2026_tricomm_manuscript/2026_tricomm_sequencing/out/PN23_rep1/M6_PM_clone1/data/summary.json,PN23_rep1,M6_PM_clone1,data,NZ_CP009273,363.0305,255.0,0.0,0,374.3666,0.364878911606635,2.74063523045714,215.0747,1026.00229306646,9.419057,3419.405,False,4631469,1680652016.20119,9057,4518,11207219.0000023,2,PN23,TriComm PN23 1xMIC
/fast-storage/marco/2026_tricomm_manuscript/2026_tricomm_sequencing/out/PN23_rep1/M6_PM_clone1/data/summary.json,PN23_rep1,M6_PM_clone1,data,pS2313M_msfGFP,0.0,-1.0,0.0,2,0.0,0.0,0.0,0.0,0.0,0.0,0.0,False,3861,17093640.5,10,1,114006.0,0,PN23,TriComm PN23 1xMIC
/fast-storage/marco/2026_tricomm_manuscript/2026_tricomm_sequencing/out/PN23_rep1/M6_PM_clone1/data/summary.json,PN23_rep1,M6_PM_clone1,data,pS2313RS_mScarle,12127.97,11717.0,0.0,3,12308.95,0.341048558799516,2.93213378036248,6370.651,36091.4880957927,14.90467,180763.4,False,3846,27231081.5,4,1,181608.0,0,PN23,TriComm PN23 1xMIC
/fast-storage/marco/2026_tricomm_manuscript/2026_tricomm_sequencing/out/PN23_rep1/M6_PM_clone1_p/data/summary.json,PN23_rep1,M6_PM_clone1_p,data,MG557852,803.2049,657.0,0.0,1,898.2543,0.155776747933202,6.41944329476442,165.7466,5766.2925431283,43.23011,34722.64,False,33858,27286379.0,76,51,181948.0,0,PN23,TriComm PN23 1xMIC
/fast-storage/marco/2026_tricomm_manuscript/2026_tricomm_sequencing/out/PN23_rep1/M6_PM_clone1_p/data/summary.json,PN23_rep1,M6_PM_clone1_p,data,NZ_CP009273,363.0384,255.0,0.0,0,374.3657,0.364886687880897,2.74057682347242,215.0814,1025.97796092303,9.427141,3422.414,False,4631469,1680639308.20119,9057,4518,11207130.0000023,2,PN23,TriComm PN23 1xMIC
/fast-storage/marco/2026_tricomm_manuscript/2026_tricomm_sequencing/out/PN23_rep1/M6_PM_clone1_p/data/summary.json,PN23_rep1,M6_PM_clone1_p,data,pS2313M_msfGFP,0.0,-1.0,0.0,2,0.0,0.0,0.0,0.0,0.0,0.0,0.0,False,3861,17093640.5,10,1,114006.0,0,PN23,TriComm PN23 1xMIC
/fast-storage/marco/2026_tricomm_manuscript/2026_tricomm_sequencing/out/PN23_rep1/M6_PM_clone1_p/data/summary.json,PN23_rep1,M6_PM_clone1_p,data,pS2313RS_mScarle,12127.97,11717.0,0.0,3,12308.95,0.341048558799516,2.93213378036248,6370.651,36091.4880957927,14.90467,180763.4,False,3846,27231081.5,4,1,181608.0,0,PN23,TriComm PN23 1xMIC
/fast-storage/marco/2026_tricomm_manuscript/2026_tricomm_sequencing/out/PN23_rep2/M1_PL_clone1/data/summary.json,PN23_rep2,M1_PL_clone1,data,MG557852,830.3318,646.0,0.0,1,835.0809,0.24346169623554,4.10742229871157,268.7375,3430.02990988813,4.302787,3572.741,False,33858,28001381.0,76,51,186729.0,0,PN23,TriComm PN23 no drug
/fast-storage/marco/2026_tricomm_manuscript/2026_tricomm_sequencing/out/PN23_rep2/M1_PL_clone1/data/summary.json,PN23_rep2,M1_PL_clone1,data,NZ_CP009273,161.3576,81.0,0.0,0,151.9628,0.378867394801384,2.63944592150569,92.69156,401.097592680585,697.7175,112582.0,False,4631469,745366315.761898,9057,4518,4972765.99999338,2,PN23,TriComm PN23 no drug
/fast-storage/marco/2026_tricomm_manuscript/2026_tricomm_sequencing/out/PN23_rep2/M1_PL_clone1/data/summary.json,PN23_rep2,M1_PL_clone1,data,pS2313M_msfGFP,11042.35,8901.0,0.0,2,11656.21,0.013059395303343,76.5732238570047,154.2373,892553.577654257,33.38915,368694.8,False,3861,24756347.0,10,1,165187.0,0,PN23,TriComm PN23 no drug
/fast-storage/marco/2026_tricomm_manuscript/2026_tricomm_sequencing/out/PN23_rep2/M1_PL_clone1/data/summary.json,PN23_rep2,M1_PL_clone1,data,pS2313RS_mScarle,1.0,-1.0,0.0,3,0.0,0.0,0.0,0.0,0.0,0.0,0.0,False,3846,15412767.0,4,1,102872.0,0,PN23,TriComm PN23 no drug
/fast-storage/marco/2026_tricomm_manuscript/2026_tricomm_sequencing/out/PN23_rep2/M1_PM_clone1/data/summary.json,PN23_rep2,M1_PM_clone1,data,MG557852,1306.114,1107.0,0.0,1,1312.51,0.342329957135773,2.92115831277771,683.1868,3834.04949710387,3.980829,5199.415,False,33858,44049478.0,76,51,293752.0,0,PN23,TriComm PN23 no drug
/fast-storage/marco/2026_tricomm_manuscript/2026_tricomm_sequencing/out/PN23_rep2/M1_PM_clone1/data/summary.json,PN23_rep2,M1_PM_clone1,data,NZ_CP009273,148.7654,66.0,0.0,0,135.3292,0.339744512353091,2.94338823333434,69.6357,398.326374906549,1049.006,156055.8,False,4631469,687074201.340994,9057,4518,4584691.99999611,2,PN23,TriComm PN23 no drug
/fast-storage/marco/2026_tricomm_manuscript/2026_tricomm_sequencing/out/PN23_rep2/M1_PM_clone1/data/summary.json,PN23_rep2,M1_PM_clone1,data,pS2313M_msfGFP,1.5,-1.0,0.0,2,2.000199,0.99980002009996,1.0002000199,10000.0,2.00059907960396,0.3333333,0.5,False,3861,11410749.0,10,1,76115.5,0,PN23,TriComm PN23 no drug
/fast-storage/marco/2026_tricomm_manuscript/2026_tricomm_sequencing/out/PN23_rep2/M1_PM_clone1/data/summary.json,PN23_rep2,M1_PM_clone1,data,pS2313RS_mScarle,8010.235,7486.0,0.0,3,8174.962,0.163026934583929,6.13395573284968,1592.332,50144.8550257283,6.01463,48178.61,False,3846,18124246.0,4,1,120889.5,0,PN23,TriComm PN23 no drug
/fast-storage/marco/2026_tricomm_manuscript/2026_tricomm_sequencing/out/PN23_rep2/M3_314h/data/summary.json,PN23_rep2,M3_314h,data,MG557852,294.0298,208.0,0.0,1,290.5646,0.432833863123756,2.31035527761856,221.7449,671.307457099126,3.136401,922.1953,False,33858,9950989.0,76,51,66362.0,0,PN23,TriComm PN23 1xMIC
/fast-storage/marco/2026_tricomm_manuscript/2026_tricomm_sequencing/out/PN23_rep2/M3_314h/data/summary.json,PN23_rep2,M3_314h,data,NZ_CP009273,166.9974,72.0,0.0,0,156.1247,0.248174354348472,4.0294252104545,51.53608,629.092802154646,833.2566,139151.7,False,4631469,771187342.374689,9057,4518,5145671.99999257,2,PN23,TriComm PN23 1xMIC
/fast-storage/marco/2026_tricomm_manuscript/2026_tricomm_sequencing/out/PN23_rep2/M3_314h/data/summary.json,PN23_rep2,M3_314h,data,pS2313M_msfGFP,151.5028,102.0,0.0,2,154.3096,0.473560064833714,2.11166454745533,138.8095,325.850111652012,1.357293,205.6337,False,3861,3292740.0,10,1,21965.5,0,PN23,TriComm PN23 1xMIC
/fast-storage/marco/2026_tricomm_manuscript/2026_tricomm_sequencing/out/PN23_rep2/M3_314h/data/summary.json,PN23_rep2,M3_314h,data,pS2313RS_mScarle,1865.855,1426.0,0.0,3,1937.428,0.0620920099904589,16.1051317255418,128.2629,31202.5331487531,6.302205,11759.0,False,3846,4717475.0,4,1,31468.5,0,PN23,TriComm PN23 1xMIC
/fast-storage/marco/2026_tricomm_manuscript/2026_tricomm_sequencing/out/PN23_rep2/M3_455h/data/summary.json,PN23_rep2,M3_455h,data,MG557852,1323.471,1074.0,0.0,1,1328.861,0.21908644242211,4.56440840859206,372.8139,6065.46432225006,5.642396,7467.549,False,33858,44645379.0,76,51,297732.0,0,PN23,TriComm PN23 1xMIC
/fast-storage/marco/2026_tricomm_manuscript/2026_tricomm_sequencing/out/PN23_rep2/M3_455h/data/summary.json,PN23_rep2,M3_455h,data,NZ_CP009273,212.9217,124.0,0.0,0,209.6614,0.375270147820358,2.66474699841752,125.9419,558.694586334016,6.25074,1330.918,False,4631469,985769656.029689,9057,4518,6574115.99998276,2,PN23,TriComm PN23 1xMIC
/fast-storage/marco/2026_tricomm_manuscript/2026_tricomm_sequencing/out/PN23_rep2/M3_455h/data/summary.json,PN23_rep2,M3_455h,data,pS2313M_msfGFP,2604.709,2164.0,0.0,2,2697.44,0.0832451932006446,12.012705617605,244.9389,32403.5526411525,6.519395,16981.12,False,3861,22904954.5,10,1,152790.5,0,PN23,TriComm PN23 1xMIC
/fast-storage/marco/2026_tricomm_manuscript/2026_tricomm_sequencing/out/PN23_rep2/M3_455h/data/summary.json,PN23_rep2,M3_455h,data,pS2313RS_mScarle,12492.48,12155.0,0.0,3,12614.21,0.585849717890673,1.70692238890284,17843.84,21531.4774673221,11.24448,140471.5,False,3846,31111071.5,4,1,207517.5,0,PN23,TriComm PN23 1xMIC
/fast-storage/marco/2026_tricomm_manuscript/2026_tricomm_sequencing/out/PN23_rep2/M3_PL_clone1/data/summary.json,PN23_rep2,M3_PL_clone1,data,MG557852,1222.621,1008.0,0.0,1,1223.974,0.285414116570349,3.50368093917849,488.8698,4288.41437385005,4.423146,5407.831,False,33858,41257596.0,76,51,275145.0,0,PN23,TriComm PN23 1xMIC
/fast-storage/marco/2026_tricomm_manuscript/2026_tricomm_sequencing/out/PN23_rep2/M3_PL_clone1/data/summary.json,PN23_rep2,M3_PL_clone1,data,NZ_CP009273,195.7602,123.0,0.0,0,196.5261,0.494430079704797,2.02253066924459,192.1958,397.48006455703,2.583631,505.772,False,4631469,906324209.711857,9057,4518,6044264.9999869,2,PN23,TriComm PN23 1xMIC
/fast-storage/marco/2026_tricomm_manuscript/2026_tricomm_sequencing/out/PN23_rep2/M3_PL_clone1/data/summary.json,PN23_rep2,M3_PL_clone1,data,pS2313M_msfGFP,9966.105,8201.0,0.0,2,10275.73,0.0208306038840981,48.0062894750445,218.6033,493299.668947399,19.78208,197150.3,False,3861,22355555.5,10,1,149172.0,0,PN23,TriComm PN23 1xMIC
/fast-storage/marco/2026_tricomm_manuscript/2026_tricomm_sequencing/out/PN23_rep2/M3_PL_clone1/data/summary.json,PN23_rep2,M3_PL_clone1,data,pS2313RS_mScarle,1.0,-1.0,0.0,3,0.0,0.0,0.0,0.0,0.0,0.0,0.0,False,3846,13918948.5,4,1,92904.0,0,PN23,TriComm PN23 1xMIC
/fast-storage/marco/2026_tricomm_manuscript/2026_tricomm_sequencing/out/PN23_rep2/M3_PM_clone1/data/summary.json,PN23_rep2,M3_PM_clone1,data,MG557852,1159.386,974.0,0.0,1,1162.984,0.355823935784899,2.81037867167125,642.3982,3268.42542909491,3.824397,4433.951,False,33858,39096118.0,76,51,260738.0,0,PN23,TriComm PN23 1xMIC
/fast-storage/marco/2026_tricomm_manuscript/2026_tricomm_sequencing/out/PN23_rep2/M3_PM_clone1/data/summary.json,PN23_rep2,M3_PM_clone1,data,NZ_CP009273,219.2576,141.0,0.0,0,219.6782,0.483215420104986,2.0694703819318,205.4084,454.61752845609,2.566591,562.7447,False,4631469,1014774999.96959,9057,4518,6767814.99998193,2,PN23,TriComm PN23 1xMIC
/fast-storage/marco/2026_tricomm_manuscript/2026_tricomm_sequencing/out/PN23_rep2/M3_PM_clone1/data/summary.json,PN23_rep2,M3_PM_clone1,data,pS2313M_msfGFP,0.0,-1.0,0.0,2,0.0,0.0,0.0,0.0,0.0,0.0,0.0,False,3861,32192094.0,10,1,214752.5,0,PN23,TriComm PN23 1xMIC
/fast-storage/marco/2026_tricomm_manuscript/2026_tricomm_sequencing/out/PN23_rep2/M3_PM_clone1/data/summary.json,PN23_rep2,M3_PM_clone1,data,pS2313RS_mScarle,22814.24,22672.0,0.0,3,23207.73,0.798025345816431,1.25309303174692,91696.44,29081.4447456641,27.27471,622252.0,False,3846,51291275.0,4,1,342130.5,0,PN23,TriComm PN23 1xMIC
/fast-storage/marco/2026_tricomm_manuscript/2026_tricomm_sequencing/out/ancestrals/LM1/data/summary.json,ancestrals,LM1,data,NZ_CP009273,287.9432,152.0,0.0,0,288.4614,0.184648399630807,5.41569817014087,65.32634,1562.21987613627,6.147315,1770.077,False,4631469,1331786520.51134,9057,4518,8882284.99997607,2,ancestrals,
/fast-storage/marco/2026_tricomm_manuscript/2026_tricomm_sequencing/out/ancestrals/LM2/data/summary.json,ancestrals,LM2,data,NZ_CP009273,304.5301,174.0,0.0,0,304.3998,0.220826133201498,4.52844953403919,86.27013,1378.45913247162,5.04834,1537.371,False,4631469,1409492726.28691,9057,4518,9400191.99998095,2,ancestrals,
/fast-storage/marco/2026_tricomm_manuscript/2026_tricomm_sequencing/out/ancestrals/LM_PVB/data/summary.json,ancestrals,LM_PVB,data,NZ_CP009273,297.7171,176.0,0.0,0,297.2438,0.259011764072402,3.86082849781475,103.9013,1147.60733383875,4.217706,1255.683,False,4631469,1378651427.38864,9057,4518,9194514.00474328,2,ancestrals,
/fast-storage/marco/2026_tricomm_manuscript/2026_tricomm_sequencing/out/ancestrals/LM_PVB/data/summary.json,ancestrals,LM_PVB,data,NZ_MT441554,813.0655,776.0,0.0,1,992.0666,0.233916591009426,4.27502810161809,302.9185,4241.11259367671,160.9286,130845.5,False,65499,52915526.9190462,172,85,352922.99523813,0,ancestrals,
/fast-storage/marco/2026_tricomm_manuscript/2026_tricomm_sequencing/out/ancestrals/LM_PVB/data/summary.json,ancestrals,LM_PVB,data,pS2313M_msfGFP,0.0,-1.0,0.0,2,0.0,0.0,0.0,0.0,0.0,0.0,0.0,False,3861,0.0,10,1,0.0,0,ancestrals,
/fast-storage/marco/2026_tricomm_manuscript/2026_tricomm_sequencing/out/ancestrals/LM_PVB/data/summary.json,ancestrals,LM_PVB,data,pS2313RS_mScarle,0.0,-1.0,0.0,3,0.0,0.0,0.0,0.0,0.0,0.0,0.0,False,3846,0.0,4,1,0.0,0,ancestrals,
/fast-storage/marco/2026_tricomm_manuscript/2026_tricomm_sequencing/out/ancestrals/PL1/data/summary.json,ancestrals,PL1,data,NZ_CP009273,161.0787,51.0,0.0,0,163.2527,0.116954650083178,8.55032270447393,21.62195,1395.86326737667,9.258385,1491.329,False,4631469,746049101.555547,9057,4518,4976945.99999325,2,ancestrals,
/fast-storage/marco/2026_tricomm_manuscript/2026_tricomm_sequencing/out/ancestrals/PL2/data/summary.json,ancestrals,PL2,data,NZ_CP009273,426.1749,187.0,0.0,0,427.8361,0.0771996680183465,12.9534235790023,35.79193,5541.94222568839,14.43679,6152.6,False,4631469,1973511328.10218,9057,4518,13166765.0000214,2,ancestrals,
/fast-storage/marco/2026_tricomm_manuscript/2026_tricomm_sequencing/out/ancestrals/PM1/data/summary.json,ancestrals,PM1,data,NZ_CP009273,477.3727,209.0,0.0,0,481.0226,0.0678895278142455,14.729812272905,35.0349,7085.37259702468,16.54953,7900.293,False,4631469,2210773032.73756,9057,4518,14749390.0000434,2,ancestrals,
/fast-storage/marco/2026_tricomm_manuscript/2026_tricomm_sequencing/out/ancestrals/PM2/data/summary.json,ancestrals,PM2,data,NZ_CP009273,62.38708,15.0,0.0,0,61.28427,0.250864538412887,3.98621505584876,20.52239,244.2922797607,30.33914,1892.77,False,4631469,288930351.377792,9057,4518,1927220.00000256,2,ancestrals,
/fast-storage/marco/2026_tricomm_manuscript/2026_tricomm_sequencing/out/pOXA48_rep1/M2_198h/data/summary.json,pOXA48_rep1,M2_198h,data,NZ_CP009273,270.3787,164.0,0.0,0,273.7815,0.293184917953051,3.41081665108071,113.5638,933.818498957854,4.373301,1182.447,False,4631469,1252430973.84168,9057,4518,8351970.18568626,2,pOXA48,TriComm KAN+PVI no drug
/fast-storage/marco/2026_tricomm_manuscript/2026_tricomm_sequencing/out/pOXA48_rep1/M2_198h/data/summary.json,pOXA48_rep1,M2_198h,data,NZ_MT441554,1.153846,-1.0,0.0,1,0.3636127,0.999963640052094,1.00003636127,10000.0,0.36362592141956,0.1130379,0.1304283,False,65499,200922.20952381,172,85,1339.81428571433,0,pOXA48,TriComm KAN+PVI no drug
/fast-storage/marco/2026_tricomm_manuscript/2026_tricomm_sequencing/out/pOXA48_rep1/M2_198h/data/summary.json,pOXA48_rep1,M2_198h,data,pS2313M_msfGFP,5847.455,5055.0,0.0,2,5884.443,0.0779692689484478,12.8255659375386,497.6035,75471.3117021876,9.559164,55896.78,False,3861,16752673.0,10,1,111728.0,0,pOXA48,TriComm KAN+PVI no drug
/fast-storage/marco/2026_tricomm_manuscript/2026_tricomm_sequencing/out/pOXA48_rep1/M2_198h/data/summary.json,pOXA48_rep1,M2_198h,data,pS2313RS_mScarle,2519.993,2210.0,0.0,3,0.0,0.999696557869989,1.00030353423509,0.0,2563.7539509597,4.115822,10371.84,False,3846,13888298.0,4,1,92627.0,0,pOXA48,TriComm KAN+PVI no drug
/fast-storage/marco/2026_tricomm_manuscript/2026_tricomm_sequencing/out/pOXA48_rep1/M2_LM_clone1/data/summary.json,pOXA48_rep1,M2_LM_clone1,data,NZ_CP009273,244.8794,153.0,0.0,0,244.3856,0.386235392094125,2.58909468285159,153.7892,632.737457525496,3.129918,766.4525,False,4631469,1133158675.32747,9057,4518,7556957.0714081,2,pOXA48,TriComm KAN+PVI no drug
/fast-storage/marco/2026_tricomm_manuscript/2026_tricomm_sequencing/out/pOXA48_rep1/M2_LM_clone1/data/summary.json,pOXA48_rep1,M2_LM_clone1,data,NZ_MT441554,250.7614,158.0,0.0,1,248.5808,0.306279879920777,3.26498756711888,109.7493,811.613221424465,3.757192,942.1587,False,65499,16343905.5619049,172,85,108998.928571424,0,pOXA48,TriComm KAN+PVI no drug
/fast-storage/marco/2026_tricomm_manuscript/2026_tricomm_sequencing/out/pOXA48_rep1/M2_LM_clone1/data/summary.json,pOXA48_rep1,M2_LM_clone1,data,pS2313M_msfGFP,0.0,-1.0,0.0,2,0.0,0.0,0.0,0.0,0.0,0.0,0.0,False,3861,150.0,10,1,1.0,0,pOXA48,TriComm KAN+PVI no drug
/fast-storage/marco/2026_tricomm_manuscript/2026_tricomm_sequencing/out/pOXA48_rep1/M2_LM_clone1/data/summary.json,pOXA48_rep1,M2_LM_clone1,data,pS2313RS_mScarle,0.0,-1.0,0.0,3,0.0,0.0,0.0,0.0,0.0,0.0,0.0,False,3846,150.0,4,1,1.0,0,pOXA48,TriComm KAN+PVI no drug
/fast-storage/marco/2026_tricomm_manuscript/2026_tricomm_sequencing/out/pOXA48_rep1/M3_198h/data/summary.json,pOXA48_rep1,M3_198h,data,NZ_CP009273,259.1149,166.0,0.0,0,260.4349,0.3944941692999,2.53489171151675,169.6764,660.174269399693,3.494582,905.4982,False,4631469,1200450707.06665,9057,4518,8004665.0523557,2,pOXA48,TriComm KAN+PVI 16x MIC
/fast-storage/marco/2026_tricomm_manuscript/2026_tricomm_sequencing/out/pOXA48_rep1/M3_198h/data/summary.json,pOXA48_rep1,M3_198h,data,NZ_MT441554,244.501,168.0,0.0,1,247.1539,0.421332419904446,2.37342286697708,179.9547,586.600717922566,2.626021,642.0648,False,65499,15987999.3523811,172,85,106612.947619042,0,pOXA48,TriComm KAN+PVI 16x MIC
/fast-storage/marco/2026_tricomm_manuscript/2026_tricomm_sequencing/out/pOXA48_rep1/M3_198h/data/summary.json,pOXA48_rep1,M3_198h,data,pS2313M_msfGFP,15580.57,12570.0,0.0,2,15905.25,0.0123983812405211,80.6556904970577,199.675,1282848.92127833,45.13113,703168.6,False,3861,34345674.0,10,1,229034.0,0,pOXA48,TriComm KAN+PVI 16x MIC
/fast-storage/marco/2026_tricomm_manuscript/2026_tricomm_sequencing/out/pOXA48_rep1/M3_198h/data/summary.json,pOXA48_rep1,M3_198h,data,pS2313RS_mScarle,352.3869,250.0,0.0,3,357.3092,0.257869177730667,3.87793535001091,124.1547,1385.62197756412,2.158399,760.5913,False,3846,21407903.0,4,1,142764.0,0,pOXA48,TriComm KAN+PVI 16x MIC
/fast-storage/marco/2026_tricomm_manuscript/2026_tricomm_sequencing/out/pOXA48_rep1/M3_PL_clone1/data/summary.json,pOXA48_rep1,M3_PL_clone1,data,NZ_CP009273,312.0506,187.0,0.0,0,314.8711,0.246479919802215,4.05712563036551,102.9958,1277.47161007138,4.693534,1464.62,False,4631469,1444960829.70554,9057,4518,9635616.39998809,2,pOXA48,TriComm KAN+PVI 16x MIC
/fast-storage/marco/2026_tricomm_manuscript/2026_tricomm_sequencing/out/pOXA48_rep1/M3_PL_clone1/data/summary.json,pOXA48_rep1,M3_PL_clone1,data,NZ_MT441554,240.1328,155.0,0.0,1,241.947,0.324202859527419,3.08448852504777,116.0702,746.282745169734,3.772415,905.8806,False,65499,15738626.6714288,172,85,104957.599999994,0,pOXA48,TriComm KAN+PVI 16x MIC
/fast-storage/marco/2026_tricomm_manuscript/2026_tricomm_sequencing/out/pOXA48_rep1/M3_PL_clone1/data/summary.json,pOXA48_rep1,M3_PL_clone1,data,pS2313M_msfGFP,12628.53,10045.0,0.0,2,13713.08,0.00845936206731394,118.212223574623,116.9936,1621053.67885669,32.21287,406801.3,False,3861,29397243.5,10,1,196133.5,0,pOXA48,TriComm KAN+PVI 16x MIC
/fast-storage/marco/2026_tricomm_manuscript/2026_tricomm_sequencing/out/pOXA48_rep1/M3_PL_clone1/data/summary.json,pOXA48_rep1,M3_PL_clone1,data,pS2313RS_mScarle,0.0,-1.0,0.0,3,0.0,0.0,0.0,0.0,0.0,0.0,0.0,False,3846,18669854.5,4,1,124597.5,0,pOXA48,TriComm KAN+PVI 16x MIC
/fast-storage/marco/2026_tricomm_manuscript/2026_tricomm_sequencing/out/pOXA48_rep1/M3_PL_clone2/data/summary.json,pOXA48_rep1,M3_PL_clone2,data,NZ_CP009273,231.1471,148.0,0.0,0,231.6179,0.453181195986339,2.20662288915921,191.9555,511.093359678988,2.640444,610.3309,False,4631469,1070546610.72875,9057,4518,7139425.14283711,2,pOXA48,TriComm KAN+PVI 16x MIC
/fast-storage/marco/2026_tricomm_manuscript/2026_tricomm_sequencing/out/pOXA48_rep1/M3_PL_clone2/data/summary.json,pOXA48_rep1,M3_PL_clone2,data,NZ_MT441554,593.5403,460.0,0.0,1,592.6119,0.374425054755182,2.67076144424643,354.6957,1582.72501392162,2.674431,1587.383,False,65499,38468429.7571426,172,85,256553.857142878,0,pOXA48,TriComm KAN+PVI 16x MIC
/fast-storage/marco/2026_tricomm_manuscript/2026_tricomm_sequencing/out/pOXA48_rep1/M3_PL_clone2/data/summary.json,pOXA48_rep1,M3_PL_clone2,data,pS2313M_msfGFP,16825.38,15112.0,0.0,2,16961.47,0.0461466480575659,21.6700463000594,820.5821,367555.840217069,30.8161,518492.8,False,3861,37618582.0,10,1,250995.5,0,pOXA48,TriComm KAN+PVI 16x MIC
/fast-storage/marco/2026_tricomm_manuscript/2026_tricomm_sequencing/out/pOXA48_rep1/M3_PL_clone2/data/summary.json,pOXA48_rep1,M3_PL_clone2,data,pS2313RS_mScarle,3.588785,1.0,0.0,3,0.0,0.0,0.0,0.0,0.0,0.2607826,0.9358927,False,3846,23251136.0,4,1,155177.5,0,pOXA48,TriComm KAN+PVI 16x MIC
/fast-storage/marco/2026_tricomm_manuscript/2026_tricomm_sequencing/out/pOXA48_rep1/M4_198h/data/summary.json,pOXA48_rep1,M4_198h,data,NZ_CP009273,183.3921,81.0,0.0,0,166.0685,0.264624938504164,3.77893332976349,59.7598,627.561789673828,1538.206,282094.8,False,4631469,847021457.532324,9057,4518,5651145.60475165,2,pOXA48,TriComm PVI no drug
/fast-storage/marco/2026_tricomm_manuscript/2026_tricomm_sequencing/out/pOXA48_rep1/M4_198h/data/summary.json,pOXA48_rep1,M4_198h,data,NZ_MT441554,1.857644,-1.0,0.0,1,0.454981,0.295527761545853,3.38377685659438,0.1908656,1.53955417799017,0.7448405,1.383648,False,65499,168927.9,172,85,1126.39523809526,0,pOXA48,TriComm PVI no drug
/fast-storage/marco/2026_tricomm_manuscript/2026_tricomm_sequencing/out/pOXA48_rep1/M4_198h/data/summary.json,pOXA48_rep1,M4_198h,data,pS2313M_msfGFP,750.8101,449.0,0.0,2,764.8027,0.0566218314453132,17.6610324052451,45.90368,13507.2052683189,9.617182,7220.678,False,3861,3314481.0,10,1,22106.5,0,pOXA48,TriComm PVI no drug
/fast-storage/marco/2026_tricomm_manuscript/2026_tricomm_sequencing/out/pOXA48_rep1/M4_198h/data/summary.json,pOXA48_rep1,M4_198h,data,pS2313RS_mScarle,1299.874,935.0,0.0,3,1335.732,0.0677109756615159,14.7686544202074,97.01253,19726.9643060124,6.052901,7868.012,False,3846,3763811.0,4,1,25102.5,0,pOXA48,TriComm PVI no drug
/fast-storage/marco/2026_tricomm_manuscript/2026_tricomm_sequencing/out/pOXA48_rep1/M4_LM_clone1/data/summary.json,pOXA48_rep1,M4_LM_clone1,data,NZ_CP009273,231.9699,151.0,0.0,0,231.1342,0.498074572346155,2.00773148343942,229.3609,464.055410239583,8.338096,1934.188,False,4631469,1072916759.42842,9057,4518,7154866.53807626,2,pOXA48,TriComm PVI no drug
/fast-storage/marco/2026_tricomm_manuscript/2026_tricomm_sequencing/out/pOXA48_rep1/M4_LM_clone1/data/summary.json,pOXA48_rep1,M4_LM_clone1,data,NZ_MT441554,208.8323,143.0,0.0,1,208.6447,0.524504751085075,1.90656042282027,230.1498,397.793727451208,2.193116,457.9935,False,65499,13619276.0761906,172,85,90819.4619047572,0,pOXA48,TriComm PVI no drug
/fast-storage/marco/2026_tricomm_manuscript/2026_tricomm_sequencing/out/pOXA48_rep1/M4_LM_clone1/data/summary.json,pOXA48_rep1,M4_LM_clone1,data,pS2313M_msfGFP,1.0,-1.0,0.0,2,0.0,0.0,0.0,0.0,0.0,0.0,0.0,False,3861,1574.5,10,1,10.5,0,pOXA48,TriComm PVI no drug
/fast-storage/marco/2026_tricomm_manuscript/2026_tricomm_sequencing/out/pOXA48_rep1/M4_LM_clone1/data/summary.json,pOXA48_rep1,M4_LM_clone1,data,pS2313RS_mScarle,0.0,-1.0,0.0,3,0.0,0.0,0.0,0.0,0.0,0.0,0.0,False,3846,1124.5,4,1,7.5,0,pOXA48,TriComm PVI no drug
/fast-storage/marco/2026_tricomm_manuscript/2026_tricomm_sequencing/out/pOXA48_rep1/M5_198h/data/summary.json,pOXA48_rep1,M5_198h,data,NZ_CP009273,234.7574,88.0,0.0,0,218.1251,0.133069731009894,7.51485700324779,33.48118,1639.17893531913,1264.882,296940.4,False,4631469,1084047467.96029,9057,4518,7232030.84283905,2,pOXA48,TriComm PVI 16x MIC
/fast-storage/marco/2026_tricomm_manuscript/2026_tricomm_sequencing/out/pOXA48_rep1/M5_198h/data/summary.json,pOXA48_rep1,M5_198h,data,NZ_MT441554,47.38283,18.0,0.0,1,47.27144,0.456642682813708,2.18989603389301,39.72737,103.519538972411,2.163034,102.4907,False,65499,3227401.56666669,172,85,21525.1571428582,0,pOXA48,TriComm PVI 16x MIC
/fast-storage/marco/2026_tricomm_manuscript/2026_tricomm_sequencing/out/pOXA48_rep1/M5_198h/data/summary.json,pOXA48_rep1,M5_198h,data,pS2313M_msfGFP,2401.164,2272.0,0.0,2,2440.925,0.82969710479671,1.20525911711481,11891.92,2941.94711044348,3.279224,7873.954,False,3861,8950435.0,10,1,59693.0,0,pOXA48,TriComm PVI 16x MIC
/fast-storage/marco/2026_tricomm_manuscript/2026_tricomm_sequencing/out/pOXA48_rep1/M5_198h/data/summary.json,pOXA48_rep1,M5_198h,data,pS2313RS_mScarle,2701.472,2548.0,0.0,3,2741.555,0.706991169084453,1.41444482438867,6615.006,3877.77828052688,4.837467,13068.28,False,3846,9165636.0,4,1,61127.0,0,pOXA48,TriComm PVI 16x MIC
/fast-storage/marco/2026_tricomm_manuscript/2026_tricomm_sequencing/out/pOXA48_rep1/M5_LM_M9/data/summary.json,pOXA48_rep1,M5_LM_M9,data,NZ_CP009273,212.7847,113.0,0.0,0,213.1059,0.257554677180228,3.88267070490913,73.92655,827.420034973294,4.233423,900.8076,False,4631469,984219164.207321,9057,4518,6562889.15236517,2,pOXA48,TriComm PVI 16x MIC
/fast-storage/marco/2026_tricomm_manuscript/2026_tricomm_sequencing/out/pOXA48_rep1/M5_LM_M9/data/summary.json,pOXA48_rep1,M5_LM_M9,data,NZ_MT441554,93.0526,45.0,0.0,1,94.25224,0.353728469555677,2.8270271862938,51.58776,266.453644849088,2.744239,255.3586,False,65499,6141949.52857135,172,85,40956.8476190473,0,pOXA48,TriComm PVI 16x MIC
/fast-storage/marco/2026_tricomm_manuscript/2026_tricomm_sequencing/out/pOXA48_rep1/M5_LM_M9/data/summary.json,pOXA48_rep1,M5_LM_M9,data,pS2313M_msfGFP,2.274194,-1.0,0.0,2,2.514584,0.999998258249161,1.00000174175387,1443708.0,2.51458837978642,0.2837109,0.6452134,False,3861,37343.0,10,1,249.0,0,pOXA48,TriComm PVI 16x MIC
/fast-storage/marco/2026_tricomm_manuscript/2026_tricomm_sequencing/out/pOXA48_rep1/M5_LM_M9/data/summary.json,pOXA48_rep1,M5_LM_M9,data,pS2313RS_mScarle,23.55197,6.0,0.0,3,18.30841,0.999970123815397,1.00002987707722,612791.2,18.3089570017793,2.242524,52.81586,False,3846,54440.0,4,1,363.0,0,pOXA48,TriComm PVI 16x MIC
/fast-storage/marco/2026_tricomm_manuscript/2026_tricomm_sequencing/out/pOXA48_rep1/M5_PL_clone1/data/summary.json,pOXA48_rep1,M5_PL_clone1,data,NZ_CP009273,267.6525,166.0,0.0,0,261.5004,0.379940697287037,2.63198969507739,160.2341,688.266358058616,7.226741,1934.255,False,4631469,1238855332.44444,9057,4518,8261211.89045004,2,pOXA48,TriComm PVI 16x MIC
/fast-storage/marco/2026_tricomm_manuscript/2026_tricomm_sequencing/out/pOXA48_rep1/M5_PL_clone1/data/summary.json,pOXA48_rep1,M5_PL_clone1,data,NZ_MT441554,357.2285,261.0,0.0,1,355.9976,0.435442940816577,2.29651214031561,274.581,817.55281032322,2.735095,977.0539,False,65499,23199321.7476194,172,85,154704.10952381,0,pOXA48,TriComm PVI 16x MIC
/fast-storage/marco/2026_tricomm_manuscript/2026_tricomm_sequencing/out/pOXA48_rep1/M5_PL_clone1/data/summary.json,pOXA48_rep1,M5_PL_clone1,data,pS2313M_msfGFP,12684.58,11171.0,0.0,2,12995.89,0.0355414589252436,28.1361550774648,478.9142,365654.376409674,22.79971,289204.7,False,3861,27637467.5,10,1,184385.0,0,pOXA48,TriComm PVI 16x MIC
/fast-storage/marco/2026_tricomm_manuscript/2026_tricomm_sequencing/out/pOXA48_rep1/M5_PL_clone1/data/summary.json,pOXA48_rep1,M5_PL_clone1,data,pS2313RS_mScarle,1.0,-1.0,0.0,3,0.0,0.0,0.0,0.0,0.0,0.0,0.0,False,3846,16889974.5,4,1,112715.0,0,pOXA48,TriComm PVI 16x MIC
/fast-storage/marco/2026_tricomm_manuscript/2026_tricomm_sequencing/out/pOXA48_rep1/M5_PL_clone2/data/summary.json,pOXA48_rep1,M5_PL_clone2,data,NZ_CP009273,329.808,210.0,0.0,0,325.7182,0.326652606475764,3.06135625485724,158.0116,997.139448890841,11.03412,3639.141,False,4631469,1526994566.13,9057,4518,10182519.74761,2,pOXA48,TriComm PVI 16x MIC
/fast-storage/marco/2026_tricomm_manuscript/2026_tricomm_sequencing/out/pOXA48_rep1/M5_PL_clone2/data/summary.json,pOXA48_rep1,M5_PL_clone2,data,NZ_MT441554,332.6885,231.0,0.0,1,332.8817,0.336039120994325,2.97584399411903,168.4757,990.604007697134,2.94474,979.6812,False,65499,21735456.019048,172,85,144942.25238095,0,pOXA48,TriComm PVI 16x MIC
/fast-storage/marco/2026_tricomm_manuscript/2026_tricomm_sequencing/out/pOXA48_rep1/M5_PL_clone2/data/summary.json,pOXA48_rep1,M5_PL_clone2,data,pS2313M_msfGFP,7645.128,6934.0,0.0,2,7797.388,0.0974372893083368,10.2630112875527,841.7768,80024.6810574281,16.38394,125257.4,False,3861,17168793.5,10,1,114541.5,0,pOXA48,TriComm PVI 16x MIC
/fast-storage/marco/2026_tricomm_manuscript/2026_tricomm_sequencing/out/pOXA48_rep1/M5_PL_clone2/data/summary.json,pOXA48_rep1,M5_PL_clone2,data,pS2313RS_mScarle,0.0,-1.0,0.0,3,0.0,0.0,0.0,0.0,0.0,0.0,0.0,False,3846,10685796.5,4,1,71308.5,0,pOXA48,TriComm PVI 16x MIC
/fast-storage/marco/2026_tricomm_manuscript/2026_tricomm_sequencing/out/pOXA48_rep1/M5_PM_M9/data/summary.json,pOXA48_rep1,M5_PM_M9,data,NZ_CP009273,276.5761,176.0,0.0,0,277.45,0.35948757158872,2.78173733678913,155.7188,771.793024092146,3.222393,891.2369,False,4631469,1279974683.76699,9057,4518,8535193.37140293,2,pOXA48,TriComm PVI 16x MIC
/fast-storage/marco/2026_tricomm_manuscript/2026_tricomm_sequencing/out/pOXA48_rep1/M5_PM_M9/data/summary.json,pOXA48_rep1,M5_PM_M9,data,NZ_MT441554,161.4978,96.0,0.0,1,162.0366,0.36519312692353,2.73827716426163,93.21678,443.701121554596,3.032824,489.7945,False,65499,10638802.3857143,172,85,70947.6285714239,0,pOXA48,TriComm PVI 16x MIC
/fast-storage/marco/2026_tricomm_manuscript/2026_tricomm_sequencing/out/pOXA48_rep1/M5_PM_M9/data/summary.json,pOXA48_rep1,M5_PM_M9,data,pS2313M_msfGFP,2.611455,-1.0,0.0,2,1.989572,0.999998035440748,1.00000196456311,1012730.0,1.98957590863976,1.245244,3.2519,False,3861,3524130.0,10,1,23503.0,0,pOXA48,TriComm PVI 16x MIC
/fast-storage/marco/2026_tricomm_manuscript/2026_tricomm_sequencing/out/pOXA48_rep1/M5_PM_M9/data/summary.json,pOXA48_rep1,M5_PM_M9,data,pS2313RS_mScarle,2292.823,2143.0,0.0,3,2315.909,0.746046932502522,1.34039824632161,6803.528,3104.24036224044,2.141032,4909.007,False,3846,5448475.0,4,1,36335.0,0,pOXA48,TriComm PVI 16x MIC
/fast-storage/marco/2026_tricomm_manuscript/2026_tricomm_sequencing/out/pOXA48_rep1/M6_198h/data/summary.json,pOXA48_rep1,M6_198h,data,NZ_CP009273,252.7619,144.0,0.0,0,242.8206,0.323615165222507,3.0900900435628,116.1771,750.337518431946,223.4624,56482.79,False,4631469,1168816037.31047,9057,4518,7795857.32854783,2,pOXA48,TriComm PVB no drug
/fast-storage/marco/2026_tricomm_manuscript/2026_tricomm_sequencing/out/pOXA48_rep1/M6_198h/data/summary.json,pOXA48_rep1,M6_198h,data,NZ_MT441554,0.0,-1.0,0.0,1,0.0,0.0,0.0,0.0,0.0,0.0,0.0,False,65499,170316.104761905,172,85,1135.67142857145,0,pOXA48,TriComm PVB no drug
/fast-storage/marco/2026_tricomm_manuscript/2026_tricomm_sequencing/out/pOXA48_rep1/M6_198h/data/summary.json,pOXA48_rep1,M6_198h,data,pS2313M_msfGFP,4445.93,3957.0,0.0,2,4609.333,0.0990681726849543,10.0940592008302,506.851,46526.8801783404,10.29674,45778.58,False,3861,12026370.5,10,1,80209.5,0,pOXA48,TriComm PVB no drug
/fast-storage/marco/2026_tricomm_manuscript/2026_tricomm_sequencing/out/pOXA48_rep1/M6_198h/data/summary.json,pOXA48_rep1,M6_198h,data,pS2313RS_mScarle,1591.066,1434.0,0.0,3,1604.286,0.526569081737264,1.89908605476946,1784.352,3046.67717046188,1.626603,2588.033,False,3846,9565926.5,4,1,63800.5,0,pOXA48,TriComm PVB no drug
/fast-storage/marco/2026_tricomm_manuscript/2026_tricomm_sequencing/out/pOXA48_rep1/M7_198h/data/summary.json,pOXA48_rep1,M7_198h,data,NZ_CP009273,400.0057,262.0,0.0,0,400.8069,0.279869537891901,3.57309340463573,155.7685,1432.12049092249,4.277669,1711.092,False,4631469,1851806072.65852,9057,4518,12348770.8190644,2,pOXA48,TriComm PVB 16x MIC
/fast-storage/marco/2026_tricomm_manuscript/2026_tricomm_sequencing/out/pOXA48_rep1/M7_198h/data/summary.json,pOXA48_rep1,M7_198h,data,NZ_MT441554,1.267413,-1.0,0.0,1,0.0,0.0,0.0,0.0,0.0,0.2840036,0.3599497,False,65499,299670.500000004,172,85,1998.18095238108,0,pOXA48,TriComm PVB 16x MIC
/fast-storage/marco/2026_tricomm_manuscript/2026_tricomm_sequencing/out/pOXA48_rep1/M7_198h/data/summary.json,pOXA48_rep1,M7_198h,data,pS2313M_msfGFP,8273.915,5731.0,0.0,2,8996.787,0.00647308215934284,154.485911870694,58.61637,1389876.84360141,50.50798,417898.8,False,3861,27242126.0,10,1,181691.5,0,pOXA48,TriComm PVB 16x MIC
/fast-storage/marco/2026_tricomm_manuscript/2026_tricomm_sequencing/out/pOXA48_rep1/M7_198h/data/summary.json,pOXA48_rep1,M7_198h,data,pS2313RS_mScarle,6919.44,6534.0,0.0,3,7047.557,0.255699227823898,3.9108448176023,2421.138,27561.9017702068,8.198905,56731.83,False,3846,26032517.0,4,1,173625.5,0,pOXA48,TriComm PVB 16x MIC
/fast-storage/marco/2026_tricomm_manuscript/2026_tricomm_sequencing/out/pOXA48_rep1/M7_LM_clone1/data/summary.json,pOXA48_rep1,M7_LM_clone1,data,NZ_CP009273,211.7298,122.0,0.0,0,212.822,0.325112052163953,3.07586259366264,102.5222,654.611228908471,3.34154,707.5035,False,4631469,979814565.456593,9057,4518,6533632.5523663,2,pOXA48,TriComm PVB 16x MIC
/fast-storage/marco/2026_tricomm_manuscript/2026_tricomm_sequencing/out/pOXA48_rep1/M7_LM_clone1/data/summary.json,pOXA48_rep1,M7_LM_clone1,data,NZ_MT441554,1436.503,1124.0,0.0,1,1426.336,0.172779465080262,5.78772482907888,297.9152,8255.24028180905,6.083657,8739.19,False,65499,74175538.3571415,172,85,494639.447619101,0,pOXA48,TriComm PVB 16x MIC
/fast-storage/marco/2026_tricomm_manuscript/2026_tricomm_sequencing/out/pOXA48_rep1/M7_LM_clone1/data/summary.json,pOXA48_rep1,M7_LM_clone1,data,pS2313M_msfGFP,1.241228,-1.0,0.0,2,0.6358148,0.999936422562348,1.00006358148,10000.0,0.63585522604599,0.1481141,0.1838434,False,3861,825.0,10,1,5.5,0,pOXA48,TriComm PVB 16x MIC
/fast-storage/marco/2026_tricomm_manuscript/2026_tricomm_sequencing/out/pOXA48_rep1/M7_LM_clone1/data/summary.json,pOXA48_rep1,M7_LM_clone1,data,pS2313RS_mScarle,0.0,-1.0,0.0,3,0.0,0.0,0.0,0.0,0.0,0.0,0.0,False,3846,525.0,4,1,3.5,0,pOXA48,TriComm PVB 16x MIC
/fast-storage/marco/2026_tricomm_manuscript/2026_tricomm_sequencing/out/pOXA48_rep1/M7_LM_clone2/data/summary.json,pOXA48_rep1,M7_LM_clone2,data,NZ_CP009273,304.4808,163.0,0.0,0,307.9568,0.17459824634344,5.72743438690084,65.14248,1763.80236599994,6.289391,1914.999,False,4631469,1409167195.34419,9057,4518,9396732.28093607,2,pOXA48,TriComm PVB 16x MIC
/fast-storage/marco/2026_tricomm_manuscript/2026_tricomm_sequencing/out/pOXA48_rep1/M7_LM_clone2/data/summary.json,pOXA48_rep1,M7_LM_clone2,data,NZ_MT441554,1958.423,1307.0,0.0,1,1950.293,0.0470044054520945,21.2746016119525,96.1939,41491.7066015797,20.59466,40333.07,False,65499,101015257.080953,172,85,673632.719047569,0,pOXA48,TriComm PVB 16x MIC
/fast-storage/marco/2026_tricomm_manuscript/2026_tricomm_sequencing/out/pOXA48_rep1/M7_LM_clone2/data/summary.json,pOXA48_rep1,M7_LM_clone2,data,pS2313M_msfGFP,2.0,-1.0,0.0,2,0.0,0.0,0.0,0.0,0.0,0.0,0.0,False,3861,1350.0,10,1,9.0,0,pOXA48,TriComm PVB 16x MIC
/fast-storage/marco/2026_tricomm_manuscript/2026_tricomm_sequencing/out/pOXA48_rep1/M7_LM_clone2/data/summary.json,pOXA48_rep1,M7_LM_clone2,data,pS2313RS_mScarle,0.0,-1.0,0.0,3,0.0,0.0,0.0,0.0,0.0,0.0,0.0,False,3846,750.0,4,1,5.0,0,pOXA48,TriComm PVB 16x MIC
/fast-storage/marco/2026_tricomm_manuscript/2026_tricomm_sequencing/out/pOXA48_rep2/M0_306h/data/summary.json,pOXA48_rep2,M0_306h,data,NZ_CP009273,525.4438,367.0,0.0,0,525.8147,0.286281195989876,3.49306910131591,210.9106,1836.7070815877,5.381352,2827.598,False,4631469,2431794618.00865,9057,4518,16237214.1381517,2,pOXA48,TriComm KAN no drug
/fast-storage/marco/2026_tricomm_manuscript/2026_tricomm_sequencing/out/pOXA48_rep2/M0_306h/data/summary.json,pOXA48_rep2,M0_306h,data,NZ_MT441554,1.0,-1.0,0.0,1,0.0,0.0,0.0,0.0,0.0,0.0,0.0,False,65499,368870.938095244,172,85,2462.8619047619,0,pOXA48,TriComm KAN no drug
/fast-storage/marco/2026_tricomm_manuscript/2026_tricomm_sequencing/out/pOXA48_rep2/M0_306h/data/summary.json,pOXA48_rep2,M0_306h,data,pS2313M_msfGFP,5479.48,3591.0,0.0,2,5628.244,0.0104198292086453,95.9708628592786,59.26285,540147.433062558,48.85405,267694.8,False,3861,16966787.5,10,1,113344.0,0,pOXA48,TriComm KAN no drug
/fast-storage/marco/2026_tricomm_manuscript/2026_tricomm_sequencing/out/pOXA48_rep2/M0_306h/data/summary.json,pOXA48_rep2,M0_306h,data,pS2313RS_mScarle,4301.303,3897.0,0.0,3,4232.607,0.357943340861349,2.7937382424649,2359.657,11824.7960412246,7.659368,32945.26,False,3846,15981792.5,4,1,106749.0,0,pOXA48,TriComm KAN no drug
/fast-storage/marco/2026_tricomm_manuscript/2026_tricomm_sequencing/out/pOXA48_rep2/M0_PL_clone1/data/summary.json,pOXA48_rep2,M0_PL_clone1,data,NZ_CP009273,224.7516,140.0,0.0,0,223.7881,0.429016000393944,2.33091539495438,168.146,521.631127497591,2.927764,658.0197,False,4631469,1039998099.61406,9057,4518,6935550.74760123,2,pOXA48,TriComm KAN no drug
/fast-storage/marco/2026_tricomm_manuscript/2026_tricomm_sequencing/out/pOXA48_rep2/M0_PL_clone1/data/summary.json,pOXA48_rep2,M0_PL_clone1,data,NZ_MT441554,1.271116,-1.0,0.0,1,0.0,0.0,0.0,0.0,0.0,0.3196434,0.4063038,False,65499,153434.99047619,172,85,1023.25238095238,0,pOXA48,TriComm KAN no drug
/fast-storage/marco/2026_tricomm_manuscript/2026_tricomm_sequencing/out/pOXA48_rep2/M0_PL_clone1/data/summary.json,pOXA48_rep2,M0_PL_clone1,data,pS2313M_msfGFP,18164.38,14847.0,0.0,2,25614.09,0.001608169951259,621.824825925344,41.25816,15927477.0554861,57.37168,1042121.0,False,3861,38593077.5,10,1,257494.0,0,pOXA48,TriComm KAN no drug
/fast-storage/marco/2026_tricomm_manuscript/2026_tricomm_sequencing/out/pOXA48_rep2/M0_PL_clone1/data/summary.json,pOXA48_rep2,M0_PL_clone1,data,pS2313RS_mScarle,1.0,-1.0,0.0,3,0.0,0.0,0.0,0.0,0.0,0.0,0.0,False,3846,23241214.5,4,1,155108.0,0,pOXA48,TriComm KAN no drug
/fast-storage/marco/2026_tricomm_manuscript/2026_tricomm_sequencing/out/pOXA48_rep2/M0_PM_clone1/data/summary.json,pOXA48_rep2,M0_PM_clone1,data,NZ_CP009273,269.9228,178.0,0.0,0,271.4513,0.423880541263178,2.3591552398701,199.7206,640.39575676455,3.056803,825.1006,False,4631469,1249758075.68122,9057,4518,8334368.86663937,2,pOXA48,TriComm KAN no drug
/fast-storage/marco/2026_tricomm_manuscript/2026_tricomm_sequencing/out/pOXA48_rep2/M0_PM_clone1/data/summary.json,pOXA48_rep2,M0_PM_clone1,data,NZ_MT441554,1.339286,-1.0,0.0,1,1.02703,0.999897307546823,1.000102703,10000.0,1.02713547906209,0.1675305,0.2243712,False,65499,194221.795238096,172,85,1295.13333333338,0,pOXA48,TriComm KAN no drug
/fast-storage/marco/2026_tricomm_manuscript/2026_tricomm_sequencing/out/pOXA48_rep2/M0_PM_clone1/data/summary.json,pOXA48_rep2,M0_PM_clone1,data,pS2313M_msfGFP,0.0,-1.0,0.0,2,0.0,0.0,0.0,0.0,0.0,0.0,0.0,False,3861,14559174.0,10,1,97107.5,0,pOXA48,TriComm KAN no drug
/fast-storage/marco/2026_tricomm_manuscript/2026_tricomm_sequencing/out/pOXA48_rep2/M0_PM_clone1/data/summary.json,pOXA48_rep2,M0_PM_clone1,data,pS2313RS_mScarle,10165.0,9902.0,0.0,3,10335.88,0.536802989304578,1.86288083323733,11978.34,19254.512746641,8.806148,89514.51,False,3846,23045308.0,4,1,153698.5,0,pOXA48,TriComm KAN no drug
/fast-storage/marco/2026_tricomm_manuscript/2026_tricomm_sequencing/out/pOXA48_rep2/M2_306h/data/summary.json,pOXA48_rep2,M2_306h,data,NZ_CP009273,348.7087,194.0,0.0,0,340.5687,0.195350684152993,5.11899922099494,82.68239,1743.37090999526,63.22763,22048.03,False,4631469,1612165505.17121,9057,4518,10767231.1333339,2,pOXA48,TriComm KAN+PVI no drug
/fast-storage/marco/2026_tricomm_manuscript/2026_tricomm_sequencing/out/pOXA48_rep2/M2_306h/data/summary.json,pOXA48_rep2,M2_306h,data,NZ_MT441554,1.733472,-1.0,0.0,1,1.174751,0.999966258295694,1.00003374284285,34814.82,1.17479063943838,0.5953761,1.032068,False,65499,243395.461904763,172,85,1625.86666666674,0,pOXA48,TriComm KAN+PVI no drug
/fast-storage/marco/2026_tricomm_manuscript/2026_tricomm_sequencing/out/pOXA48_rep2/M2_306h/data/summary.json,pOXA48_rep2,M2_306h,data,pS2313M_msfGFP,4367.391,3173.0,0.0,2,4526.425,0.0200335162534102,49.9163495489603,92.53399,225942.612507153,21.48229,93821.58,False,3861,14854175.0,10,1,99192.5,0,pOXA48,TriComm KAN+PVI no drug
/fast-storage/marco/2026_tricomm_manuscript/2026_tricomm_sequencing/out/pOXA48_rep2/M2_306h/data/summary.json,pOXA48_rep2,M2_306h,data,pS2313RS_mScarle,4706.687,4221.0,0.0,3,4676.955,0.212265831259553,4.71107381751529,1260.27,22033.4802461972,12.0064,56510.38,False,3846,15062676.0,4,1,100592.5,0,pOXA48,TriComm KAN+PVI no drug
/fast-storage/marco/2026_tricomm_manuscript/2026_tricomm_sequencing/out/pOXA48_rep2/M2_PL_clone1/data/summary.json,pOXA48_rep2,M2_PL_clone1,data,NZ_CP009273,219.0246,80.0,0.0,0,207.6921,0.128779435224573,7.76521498371336,30.7,1612.77380691889,919.7469,201447.2,False,4631469,1010004441.02478,9057,4518,6741963.19998711,2,pOXA48,TriComm KAN+PVI no drug
/fast-storage/marco/2026_tricomm_manuscript/2026_tricomm_sequencing/out/pOXA48_rep2/M2_PL_clone1/data/summary.json,pOXA48_rep2,M2_PL_clone1,data,NZ_MT441554,318.5929,171.0,0.0,1,320.1984,0.130314401063249,7.67374896282295,47.97879,2457.12213989757,6.622981,2110.035,False,65499,20809203.2428574,172,85,138844.799999998,0,pOXA48,TriComm KAN+PVI no drug
/fast-storage/marco/2026_tricomm_manuscript/2026_tricomm_sequencing/out/pOXA48_rep2/M2_PL_clone1/data/summary.json,pOXA48_rep2,M2_PL_clone1,data,pS2313M_msfGFP,3833.129,3200.0,0.0,2,3930.937,0.0651153659230636,15.3573582183588,273.7925,60368.8076428007,12.53242,48038.4,False,3861,8390379.0,10,1,55998.5,0,pOXA48,TriComm KAN+PVI no drug
/fast-storage/marco/2026_tricomm_manuscript/2026_tricomm_sequencing/out/pOXA48_rep2/M2_PL_clone1/data/summary.json,pOXA48_rep2,M2_PL_clone1,data,pS2313RS_mScarle,1.0,-1.0,0.0,3,0.0,0.0,0.0,0.0,0.0,0.0,0.0,False,3846,5153364.0,4,1,34402.5,0,pOXA48,TriComm KAN+PVI no drug
/fast-storage/marco/2026_tricomm_manuscript/2026_tricomm_sequencing/out/pOXA48_rep2/M3_306h/data/summary.json,pOXA48_rep2,M3_306h,data,NZ_CP009273,508.2313,361.0,0.0,0,507.6809,0.329690924001097,3.03314385444433,249.7024,1539.86920185377,4.864759,2472.423,False,4631469,2353025483.52507,9057,4518,15703896.5476664,2,pOXA48,TriComm KAN+PVI 16x MIC
/fast-storage/marco/2026_tricomm_manuscript/2026_tricomm_sequencing/out/pOXA48_rep2/M3_306h/data/summary.json,pOXA48_rep2,M3_306h,data,NZ_MT441554,602.318,448.0,0.0,1,601.5897,0.275377867521967,3.63137389725131,228.6219,2184.59713343525,4.05197,2440.575,False,65499,39252141.6809522,172,85,261989.452380981,0,pOXA48,TriComm KAN+PVI 16x MIC
/fast-storage/marco/2026_tricomm_manuscript/2026_tricomm_sequencing/out/pOXA48_rep2/M3_306h/data/summary.json,pOXA48_rep2,M3_306h,data,pS2313M_msfGFP,5475.267,4309.0,0.0,2,6794.591,0.00841650403061727,118.814177045747,57.6721,807293.738027436,16.39004,89739.85,False,3861,17434731.0,10,1,116376.0,0,pOXA48,TriComm KAN+PVI 16x MIC
/fast-storage/marco/2026_tricomm_manuscript/2026_tricomm_sequencing/out/pOXA48_rep2/M3_306h/data/summary.json,pOXA48_rep2,M3_306h,data,pS2313RS_mScarle,4312.898,4160.0,0.0,3,4367.563,0.995865602792575,1.00415156141133,1052029.0,4385.69520601235,7.670857,33083.62,False,3846,16417592.0,4,1,109582.0,0,pOXA48,TriComm KAN+PVI 16x MIC
/fast-storage/marco/2026_tricomm_manuscript/2026_tricomm_sequencing/out/pOXA48_rep2/M3_PL_clone1/data/summary.json,pOXA48_rep2,M3_PL_clone1,data,NZ_CP009273,332.4672,226.0,0.0,0,332.6916,0.401914998955527,2.48808828383798,223.5698,827.766072091311,3.02756,1006.564,False,4631469,1539628166.01253,9057,4518,10269855.838087,2,pOXA48,TriComm KAN+PVI 16x MIC
/fast-storage/marco/2026_tricomm_manuscript/2026_tricomm_sequencing/out/pOXA48_rep2/M3_PL_clone1/data/summary.json,pOXA48_rep2,M3_PL_clone1,data,NZ_MT441554,732.1272,582.0,0.0,1,732.799,0.360917914294161,2.77071311895304,413.844,2030.37580285567,2.798206,2048.643,False,65499,47533261.7904753,172,85,317066.1619048,0,pOXA48,TriComm KAN+PVI 16x MIC
/fast-storage/marco/2026_tricomm_manuscript/2026_tricomm_sequencing/out/pOXA48_rep2/M3_PL_clone1/data/summary.json,pOXA48_rep2,M3_PL_clone1,data,pS2313M_msfGFP,17482.72,15304.0,0.0,2,0.0,0.0,0.0,0.0,0.0,29.49091,515581.1,False,3861,38591926.5,10,1,257531.0,0,pOXA48,TriComm KAN+PVI 16x MIC
/fast-storage/marco/2026_tricomm_manuscript/2026_tricomm_sequencing/out/pOXA48_rep2/M3_PL_clone1/data/summary.json,pOXA48_rep2,M3_PL_clone1,data,pS2313RS_mScarle,1.0,-1.0,0.0,3,0.0,0.0,0.0,0.0,0.0,0.0,0.0,False,3846,23730176.5,4,1,158406.0,0,pOXA48,TriComm KAN+PVI 16x MIC
/fast-storage/marco/2026_tricomm_manuscript/2026_tricomm_sequencing/out/pOXA48_rep2/M3_PL_clone2/data/summary.json,pOXA48_rep2,M3_PL_clone2,data,NZ_CP009273,302.4281,197.0,0.0,0,312.2014,0.311159931310465,3.21378140105782,141.0263,1003.34705270421,7.252252,2193.285,False,4631469,1400938223.0185,9057,4518,9343173.33331582,2,pOXA48,TriComm KAN+PVI 16x MIC
/fast-storage/marco/2026_tricomm_manuscript/2026_tricomm_sequencing/out/pOXA48_rep2/M3_PL_clone2/data/summary.json,pOXA48_rep2,M3_PL_clone2,data,NZ_MT441554,333.1032,223.0,0.0,1,340.3402,0.252420833622548,3.96163813283071,114.9162,1348.30471445523,4.642363,1546.386,False,65499,21736276.9857146,172,85,144973.666666665,0,pOXA48,TriComm KAN+PVI 16x MIC
/fast-storage/marco/2026_tricomm_manuscript/2026_tricomm_sequencing/out/pOXA48_rep2/M3_PL_clone2/data/summary.json,pOXA48_rep2,M3_PL_clone2,data,pS2313M_msfGFP,19176.34,14833.0,0.0,2,19149.16,0.00880638842418935,113.5539283338,170.1332,2174462.34229246,73.37965,1407153.0,False,3861,44244305.5,10,1,295223.5,0,pOXA48,TriComm KAN+PVI 16x MIC
/fast-storage/marco/2026_tricomm_manuscript/2026_tricomm_sequencing/out/pOXA48_rep2/M3_PL_clone2/data/summary.json,pOXA48_rep2,M3_PL_clone2,data,pS2313RS_mScarle,0.0,-1.0,0.0,3,0.0,0.0,0.0,0.0,0.0,0.0,0.0,False,3846,27861610.5,4,1,185960.5,0,pOXA48,TriComm KAN+PVI 16x MIC
/fast-storage/marco/2026_tricomm_manuscript/2026_tricomm_sequencing/out/pOXA48_rep2/M3_PM_clone1/data/summary.json,pOXA48_rep2,M3_PM_clone1,data,NZ_CP009273,238.6328,154.0,0.0,0,238.2896,0.462828499330253,2.16062753578717,205.311,514.855071251711,2.729467,651.3404,False,4631469,1104784998.61143,9057,4518,7367536.78569361,2,pOXA48,TriComm KAN+PVI 16x MIC
/fast-storage/marco/2026_tricomm_manuscript/2026_tricomm_sequencing/out/pOXA48_rep2/M3_PM_clone1/data/summary.json,pOXA48_rep2,M3_PM_clone1,data,NZ_MT441554,318.266,230.0,0.0,1,319.6377,0.426082342801738,2.34696418871625,237.3023,750.178235263628,2.556096,813.5186,False,65499,20722505.8333336,172,85,138195.214285712,0,pOXA48,TriComm KAN+PVI 16x MIC
/fast-storage/marco/2026_tricomm_manuscript/2026_tricomm_sequencing/out/pOXA48_rep2/M3_PM_clone1/data/summary.json,pOXA48_rep2,M3_PM_clone1,data,pS2313M_msfGFP,278.2542,145.0,0.0,2,460.2951,0.0248912968895269,40.1746845268136,11.74981,18492.2104317381,3.93059,1093.703,False,3861,36955545.0,10,1,246487.5,0,pOXA48,TriComm KAN+PVI 16x MIC
/fast-storage/marco/2026_tricomm_manuscript/2026_tricomm_sequencing/out/pOXA48_rep2/M3_PM_clone1/data/summary.json,pOXA48_rep2,M3_PM_clone1,data,pS2313RS_mScarle,27076.98,27106.0,0.0,3,27629.61,0.997795613835274,1.00220925621857,12506295.0,27690.6508877091,24.04933,651183.3,False,3846,59335392.0,4,1,395731.5,0,pOXA48,TriComm KAN+PVI 16x MIC
/fast-storage/marco/2026_tricomm_manuscript/2026_tricomm_sequencing/out/pOXA48_rep2/M3_PM_clone2/data/summary.json,pOXA48_rep2,M3_PM_clone2,data,NZ_CP009273,226.2777,149.0,0.0,0,226.1465,0.519010799507242,1.92674218137545,244.0231,435.726000720424,2.404578,544.1024,False,4631469,1047515869.70141,9057,4518,6985386.17141006,2,pOXA48,TriComm KAN+PVI 16x MIC
/fast-storage/marco/2026_tricomm_manuscript/2026_tricomm_sequencing/out/pOXA48_rep2/M3_PM_clone2/data/summary.json,pOXA48_rep2,M3_PM_clone2,data,NZ_MT441554,314.0167,221.0,0.0,1,312.9162,0.393854361727207,2.53900958622016,203.3231,794.497231483585,2.749599,863.42,False,65499,20446818.7190478,172,85,136352.828571425,0,pOXA48,TriComm KAN+PVI 16x MIC
/fast-storage/marco/2026_tricomm_manuscript/2026_tricomm_sequencing/out/pOXA48_rep2/M3_PM_clone2/data/summary.json,pOXA48_rep2,M3_PM_clone2,data,pS2313M_msfGFP,4424.908,3322.0,0.0,2,5195.674,0.0113870281813513,87.8192258835112,59.84474,456280.068623086,14.19096,62793.68,False,3861,35298273.5,10,1,235410.5,0,pOXA48,TriComm KAN+PVI 16x MIC
/fast-storage/marco/2026_tricomm_manuscript/2026_tricomm_sequencing/out/pOXA48_rep2/M3_PM_clone2/data/summary.json,pOXA48_rep2,M3_PM_clone2,data,pS2313RS_mScarle,19528.18,18128.0,0.0,3,19464.87,0.104071830859047,9.60874803244677,2261.057,187033.031314332,14.94515,291851.6,False,3846,47861167.5,4,1,319185.5,0,pOXA48,TriComm KAN+PVI 16x MIC
/fast-storage/marco/2026_tricomm_manuscript/2026_tricomm_sequencing/out/pOXA48_rep2/M4_306h/data/summary.json,pOXA48_rep2,M4_306h,data,NZ_CP009273,368.0473,195.0,0.0,0,328.7891,0.231751573121414,4.31496531622722,99.18327,1418.71356285356,387.6359,142668.3,False,4631469,1702144524.55939,9057,4518,11358592.8047579,2,pOXA48,TriComm PVI no drug
/fast-storage/marco/2026_tricomm_manuscript/2026_tricomm_sequencing/out/pOXA48_rep2/M4_306h/data/summary.json,pOXA48_rep2,M4_306h,data,NZ_MT441554,1.42222,-1.0,0.0,1,0.7118678,0.999928818287197,1.00007118678,10000.0,0.711918475576468,0.406143,0.5776249,False,65499,267894.404761908,172,85,1787.19523809533,0,pOXA48,TriComm PVI no drug
/fast-storage/marco/2026_tricomm_manuscript/2026_tricomm_sequencing/out/pOXA48_rep2/M4_306h/data/summary.json,pOXA48_rep2,M4_306h,data,pS2313M_msfGFP,16718.33,13036.0,0.0,2,18615.37,0.00483764652528837,206.712085054704,90.49235,3848021.94676478,48.31401,807729.5,False,3861,43988742.5,10,1,293508.0,0,pOXA48,TriComm PVI no drug
/fast-storage/marco/2026_tricomm_manuscript/2026_tricomm_sequencing/out/pOXA48_rep2/M4_306h/data/summary.json,pOXA48_rep2,M4_306h,data,pS2313RS_mScarle,5251.271,4952.0,0.0,3,5295.564,0.431730892121817,2.31625769257633,4023.197,12265.8908515303,10.50691,55174.62,False,3846,34210651.5,4,1,228268.0,0,pOXA48,TriComm PVI no drug
/fast-storage/marco/2026_tricomm_manuscript/2026_tricomm_sequencing/out/pOXA48_rep2/M4_PL_clone1/data/summary.json,pOXA48_rep2,M4_PL_clone1,data,NZ_CP009273,231.1436,77.0,0.0,0,206.7654,0.120837619683675,8.27556850770291,28.41914,1711.10123272259,6305.976,1457586.0,False,4631469,1067469970.62997,9057,4518,7125312.71902954,2,pOXA48,TriComm PVI no drug
/fast-storage/marco/2026_tricomm_manuscript/2026_tricomm_sequencing/out/pOXA48_rep2/M4_PL_clone1/data/summary.json,pOXA48_rep2,M4_PL_clone1,data,NZ_MT441554,133.1285,78.0,0.0,1,133.4122,0.432304695993774,2.31318329240264,101.5945,308.60687204268,2.453514,326.6328,False,65499,8747564.75238084,172,85,58365.2809523775,0,pOXA48,TriComm PVI no drug
/fast-storage/marco/2026_tricomm_manuscript/2026_tricomm_sequencing/out/pOXA48_rep2/M4_PL_clone1/data/summary.json,pOXA48_rep2,M4_PL_clone1,data,pS2313M_msfGFP,6042.066,5200.0,0.0,2,6097.134,0.0688191799301146,14.5308328436272,450.6104,88596.4349791962,16.89073,102054.9,False,3861,13634481.0,10,1,90986.0,0,pOXA48,TriComm PVI no drug
/fast-storage/marco/2026_tricomm_manuscript/2026_tricomm_sequencing/out/pOXA48_rep2/M4_PL_clone1/data/summary.json,pOXA48_rep2,M4_PL_clone1,data,pS2313RS_mScarle,11.78736,1.178736,0.0,3,0.0,0.0,0.0,0.0,0.0,0.3657777,4.311552,False,3846,8532928.0,4,1,56957.0,0,pOXA48,TriComm PVI no drug
/fast-storage/marco/2026_tricomm_manuscript/2026_tricomm_sequencing/out/pOXA48_rep2/M5_306h/data/summary.json,pOXA48_rep2,M5_306h,data,NZ_CP009273,419.1364,293.0,0.0,0,418.4797,0.371430687145953,2.69229235657379,247.2857,1126.66969769129,4.432688,1857.901,False,4631469,1940709634.39859,9057,4518,12945657.5285902,2,pOXA48,TriComm PVI 16x MIC
/fast-storage/marco/2026_tricomm_manuscript/2026_tricomm_sequencing/out/pOXA48_rep2/M5_306h/data/summary.json,pOXA48_rep2,M5_306h,data,NZ_MT441554,284.1128,196.0,0.0,1,282.4613,0.396235412812464,2.52375221311502,185.3722,712.862330994345,2.466542,700.7761,False,65499,18680488.0571431,172,85,124623.471428564,0,pOXA48,TriComm PVI 16x MIC
/fast-storage/marco/2026_tricomm_manuscript/2026_tricomm_sequencing/out/pOXA48_rep2/M5_306h/data/summary.json,pOXA48_rep2,M5_306h,data,pS2313M_msfGFP,4226.71,3877.0,0.0,2,4256.965,0.279690018810787,3.57538679518096,1652.942,15220.2964485475,4.650405,19655.92,False,3861,17333992.0,10,1,115641.5,0,pOXA48,TriComm PVI 16x MIC
/fast-storage/marco/2026_tricomm_manuscript/2026_tricomm_sequencing/out/pOXA48_rep2/M5_306h/data/summary.json,pOXA48_rep2,M5_306h,data,pS2313RS_mScarle,5484.632,5331.0,0.0,3,5564.681,0.999732078047347,1.00026799375406,20764219.0,5566.17229975135,7.343571,40276.78,False,3846,18329825.0,4,1,122277.5,0,pOXA48,TriComm PVI 16x MIC
/fast-storage/marco/2026_tricomm_manuscript/2026_tricomm_sequencing/out/pOXA48_rep2/M5_PL_clone1/data/summary.json,pOXA48_rep2,M5_PL_clone1,data,NZ_CP009273,357.9855,246.0,0.0,0,358.0923,0.394844491462409,2.53264265203812,233.6437,906.919832346432,3.272372,1171.462,False,4631469,1657287814.4436,9057,4518,11055931.542858,2,pOXA48,TriComm PVI 16x MIC
/fast-storage/marco/2026_tricomm_manuscript/2026_tricomm_sequencing/out/pOXA48_rep2/M5_PL_clone1/data/summary.json,pOXA48_rep2,M5_PL_clone1,data,NZ_MT441554,763.6198,605.0,0.0,1,764.1128,0.338754286212743,2.95199216865992,391.4528,2255.65500157281,3.03654,2318.762,False,65499,49590953.3809508,172,85,330818.457142901,0,pOXA48,TriComm PVI 16x MIC
/fast-storage/marco/2026_tricomm_manuscript/2026_tricomm_sequencing/out/pOXA48_rep2/M5_PL_clone1/data/summary.json,pOXA48_rep2,M5_PL_clone1,data,pS2313M_msfGFP,20088.6,16903.0,0.0,2,21081.62,0.0105545395458493,94.7459617405348,224.8803,1997398.36194849,34.10316,685084.7,False,3861,45135301.0,10,1,301181.5,0,pOXA48,TriComm PVI 16x MIC
/fast-storage/marco/2026_tricomm_manuscript/2026_tricomm_sequencing/out/pOXA48_rep2/M5_PL_clone1/data/summary.json,pOXA48_rep2,M5_PL_clone1,data,pS2313RS_mScarle,1.0,-1.0,0.0,3,0.0,0.0,0.0,0.0,0.0,0.0,0.0,False,3846,28072819.0,4,1,187378.5,0,pOXA48,TriComm PVI 16x MIC
/fast-storage/marco/2026_tricomm_manuscript/2026_tricomm_sequencing/out/pOXA48_rep2/M5_PL_clone2/data/summary.json,pOXA48_rep2,M5_PL_clone2,data,NZ_CP009273,397.2341,281.0,0.0,0,397.8635,0.410351758406704,2.43693362953471,276.8837,969.566943114383,3.522796,1399.375,False,4631469,1839425234.90911,9057,4518,12268802.4952537,2,pOXA48,TriComm PVI 16x MIC
/fast-storage/marco/2026_tricomm_manuscript/2026_tricomm_sequencing/out/pOXA48_rep2/M5_PL_clone2/data/summary.json,pOXA48_rep2,M5_PL_clone2,data,NZ_MT441554,412.194,305.0,0.0,1,413.8655,0.378479543229232,2.64215072621331,252.0265,1093.49503137964,3.247838,1338.739,False,65499,26913523.7095243,172,85,179520.504761915,0,pOXA48,TriComm PVI 16x MIC
/fast-storage/marco/2026_tricomm_manuscript/2026_tricomm_sequencing/out/pOXA48_rep2/M5_PL_clone2/data/summary.json,pOXA48_rep2,M5_PL_clone2,data,pS2313M_msfGFP,24615.37,19573.0,0.0,2,28537.32,0.0028384963462895,352.299202818142,81.23366,10053675.0865662,61.80537,1521362.0,False,3861,53489543.5,10,1,356926.5,0,pOXA48,TriComm PVI 16x MIC
/fast-storage/marco/2026_tricomm_manuscript/2026_tricomm_sequencing/out/pOXA48_rep2/M5_PL_clone2/data/summary.json,pOXA48_rep2,M5_PL_clone2,data,pS2313RS_mScarle,1.0,-1.0,0.0,3,0.0,0.0,0.0,0.0,0.0,0.0,0.0,False,3846,32623379.5,4,1,217752.5,0,pOXA48,TriComm PVI 16x MIC
/fast-storage/marco/2026_tricomm_manuscript/2026_tricomm_sequencing/out/pOXA48_rep2/M5_PM_clone1/data/summary.json,pOXA48_rep2,M5_PM_clone1,data,NZ_CP009273,243.0841,155.0,0.0,0,244.291,0.413901811141314,2.41603195028925,172.518,590.21486116811,3.117146,757.7286,False,4631469,1125984116.191,9057,4518,7508926.07616923,2,pOXA48,TriComm PVI 16x MIC
/fast-storage/marco/2026_tricomm_manuscript/2026_tricomm_sequencing/out/pOXA48_rep2/M5_PM_clone1/data/summary.json,pOXA48_rep2,M5_PM_clone1,data,NZ_MT441554,641.0709,493.0,0.0,1,643.0113,0.314547540036436,3.17916967299812,295.0717,2044.2420243551,3.300513,2115.863,False,65499,41603430.0476186,172,85,277449.923809552,0,pOXA48,TriComm PVI 16x MIC
/fast-storage/marco/2026_tricomm_manuscript/2026_tricomm_sequencing/out/pOXA48_rep2/M5_PM_clone1/data/summary.json,pOXA48_rep2,M5_PM_clone1,data,pS2313M_msfGFP,2525.759,2212.0,0.0,2,2587.213,0.167611699758482,5.966170627951,520.9674,15435.754208853,10.03996,25358.52,False,3861,17203639.5,10,1,114751.0,0,pOXA48,TriComm PVI 16x MIC
/fast-storage/marco/2026_tricomm_manuscript/2026_tricomm_sequencing/out/pOXA48_rep2/M5_PM_clone1/data/summary.json,pOXA48_rep2,M5_PM_clone1,data,pS2313RS_mScarle,8629.387,8318.0,0.0,3,8761.952,0.432344221301189,2.31297181905285,6673.374,20266.1480558938,9.704027,83739.8,False,3846,22278208.5,4,1,148593.0,0,pOXA48,TriComm PVI 16x MIC
/fast-storage/marco/2026_tricomm_manuscript/2026_tricomm_sequencing/out/pOXA48_rep2/M5_PM_clone2/data/summary.json,pOXA48_rep2,M5_PM_clone2,data,NZ_CP009273,215.4507,135.0,0.0,0,215.5563,0.452182843340817,2.21149478518867,177.9259,476.701633364563,2.695863,580.8255,False,4631469,998260770.083835,9057,4518,6657079.11426824,2,pOXA48,TriComm PVI 16x MIC
/fast-storage/marco/2026_tricomm_manuscript/2026_tricomm_sequencing/out/pOXA48_rep2/M5_PM_clone2/data/summary.json,pOXA48_rep2,M5_PM_clone2,data,NZ_MT441554,483.2568,375.0,0.0,1,486.1198,0.437146298603205,2.28756369022283,377.5501,1112.03000357839,2.624972,1268.536,False,65499,31317528.3857147,172,85,208850.885714297,0,pOXA48,TriComm PVI 16x MIC
/fast-storage/marco/2026_tricomm_manuscript/2026_tricomm_sequencing/out/pOXA48_rep2/M5_PM_clone2/data/summary.json,pOXA48_rep2,M5_PM_clone2,data,pS2313M_msfGFP,1829.19,1566.0,0.0,2,1897.896,0.154462579399334,6.47405995606668,346.7072,12287.0924943791,10.61464,19416.2,False,3861,28085860.5,10,1,187330.0,0,pOXA48,TriComm PVI 16x MIC
/fast-storage/marco/2026_tricomm_manuscript/2026_tricomm_sequencing/out/pOXA48_rep2/M5_PM_clone2/data/summary.json,pOXA48_rep2,M5_PM_clone2,data,pS2313RS_mScarle,18331.17,18058.0,0.0,3,18485.58,0.997113526693797,1.00289482915328,6385724.0,18539.0925958993,10.99935,201631.0,False,3846,41870947.5,4,1,279258.0,0,pOXA48,TriComm PVI 16x MIC
/fast-storage/marco/2026_tricomm_manuscript/2026_tricomm_sequencing/out/pOXA48_rep2/M6_306h/data/summary.json,pOXA48_rep2,M6_306h,data,NZ_CP009273,353.8794,176.0,0.0,0,323.3874,0.180389260825759,5.54356725795289,71.17478,1792.71980227451,138.1503,48888.55,False,4631469,1636378496.69614,9057,4518,10928103.7142814,2,pOXA48,TriComm PVB no drug
/fast-storage/marco/2026_tricomm_manuscript/2026_tricomm_sequencing/out/pOXA48_rep2/M6_306h/data/summary.json,pOXA48_rep2,M6_306h,data,NZ_MT441554,1.542293,-1.0,0.0,1,0.9275691,0.999907251693046,1.00009275691,10000.0,0.927655138443528,0.4449561,0.6862525,False,65499,281577.323809526,172,85,1880.28571428583,0,pOXA48,TriComm PVB no drug
/fast-storage/marco/2026_tricomm_manuscript/2026_tricomm_sequencing/out/pOXA48_rep2/M6_306h/data/summary.json,pOXA48_rep2,M6_306h,data,pS2313M_msfGFP,9566.168,8742.0,0.0,2,9635.287,0.113707523732108,8.79449281083609,1236.166,84737.4622518424,10.9224,104485.5,False,3861,25077378.0,10,1,167509.0,0,pOXA48,TriComm PVB no drug
/fast-storage/marco/2026_tricomm_manuscript/2026_tricomm_sequencing/out/pOXA48_rep2/M6_306h/data/summary.json,pOXA48_rep2,M6_306h,data,pS2313RS_mScarle,3094.494,2830.0,0.0,3,3107.032,0.38475953989121,2.59902587544092,1943.078,8075.25656382297,3.738477,11568.69,False,3846,19583539.0,4,1,130808.0,0,pOXA48,TriComm PVB no drug
/fast-storage/marco/2026_tricomm_manuscript/2026_tricomm_sequencing/out/pOXA48_rep2/M7_LM_clone1/data/summary.json,pOXA48_rep2,M7_LM_clone1,data,NZ_CP009273,273.7893,180.0,0.0,0,274.1389,0.423713767019158,2.36008380618604,201.5603,646.990778535654,2.793755,764.9003,False,4631469,1267807578.92264,9057,4518,8455090.61426023,2,pOXA48,TriComm PVB 16x MIC
/fast-storage/marco/2026_tricomm_manuscript/2026_tricomm_sequencing/out/pOXA48_rep2/M7_LM_clone1/data/summary.json,pOXA48_rep2,M7_LM_clone1,data,NZ_MT441554,2254.281,1641.0,0.0,1,2211.539,0.072008324460955,13.8872832757306,171.6063,30712.2685683259,20.98954,47316.33,False,65499,116550220.004764,172,85,777342.385714178,0,pOXA48,TriComm PVB 16x MIC
/fast-storage/marco/2026_tricomm_manuscript/2026_tricomm_sequencing/out/pOXA48_rep2/M7_LM_clone1/data/summary.json,pOXA48_rep2,M7_LM_clone1,data,pS2313M_msfGFP,0.0,-1.0,0.0,2,0.0,0.0,0.0,0.0,0.0,0.0,0.0,False,3861,150.0,10,1,1.0,0,pOXA48,TriComm PVB 16x MIC
/fast-storage/marco/2026_tricomm_manuscript/2026_tricomm_sequencing/out/pOXA48_rep2/M7_LM_clone1/data/summary.json,pOXA48_rep2,M7_LM_clone1,data,pS2313RS_mScarle,0.0,-1.0,0.0,3,0.0,0.0,0.0,0.0,0.0,0.0,0.0,False,3846,150.0,4,1,1.0,0,pOXA48,TriComm PVB 16x MIC
/fast-storage/marco/2026_tricomm_manuscript/2026_tricomm_sequencing/out/pOXA48_rep2/M7_LM_clone2/data/summary.json,pOXA48_rep2,M7_LM_clone2,data,NZ_CP009273,972.8984,725.0,0.0,0,973.3632,0.222644004772606,4.4914750838287,278.7828,4371.83656031577,5.944085,5782.99,False,4631469,4505232903.86583,9057,4518,30049364.6762251,2,pOXA48,TriComm PVB 16x MIC
/fast-storage/marco/2026_tricomm_manuscript/2026_tricomm_sequencing/out/pOXA48_rep2/M7_LM_clone2/data/summary.json,pOXA48_rep2,M7_LM_clone2,data,NZ_MT441554,8956.516,6121.0,0.0,1,8798.923,0.0124464043497543,80.3444892114357,110.8952,706944.974045753,293.7801,2631246.0,False,65499,470622503.399936,172,85,3139347.32381017,0,pOXA48,TriComm PVB 16x MIC
/fast-storage/marco/2026_tricomm_manuscript/2026_tricomm_sequencing/out/pOXA48_rep2/M7_LM_clone2/data/summary.json,pOXA48_rep2,M7_LM_clone2,data,pS2313M_msfGFP,2.829574,-1.0,0.0,2,0.0,0.0,0.0,0.0,0.0,1.142288,3.232189,False,3861,2250.0,10,1,15.0,0,pOXA48,TriComm PVB 16x MIC
/fast-storage/marco/2026_tricomm_manuscript/2026_tricomm_sequencing/out/pOXA48_rep2/M7_LM_clone2/data/summary.json,pOXA48_rep2,M7_LM_clone2,data,pS2313RS_mScarle,0.0,-1.0,0.0,3,0.0,0.0,0.0,0.0,0.0,0.0,0.0,False,3846,1050.0,4,1,7.0,0,pOXA48,TriComm PVB 16x MIC
